{
  "project_info": {
    "project_number": "158184280360",
    "project_id": "jumanji-306215",
    "storage_bucket": "jumanji-306215.appspot.com"
  },
  "client": [
    {
      "client_info": {
        "mobilesdk_app_id": "1:158184280360:android:3cda57c6f5a042432fc01d",
        "android_client_info": {
          "package_name": "com.example.jmjapp"
        }
      },
      "oauth_client": [
        {
          "client_id": "158184280360-g39hu3shubho63ale585lu00c3hsfls9.apps.googleusercontent.com",
          "client_type": 3
        }
      ],
      "api_key": [
        {
          "current_key": "AIzaSyBsOenPE-jI9_n_oVttc-uDoCFBb4Vdiis"
        }
      ],
      "services": {
        "appinvite_service": {
          "other_platform_oauth_client": [
            {
              "client_id": "158184280360-g39hu3shubho63ale585lu00c3hsfls9.apps.googleusercontent.com",
              "client_type": 3
            }
          ]
        }
      }
    }
  ],
  "configuration_version": "1"
}