{
  "project_info": {
    "project_number": "217981185828",
    "project_id": "jmjapp-12c8c",
    "storage_bucket": "jmjapp-12c8c.appspot.com"
  },
  "client": [
    {
      "client_info": {
        "mobilesdk_app_id": "1:217981185828:android:f54c0ace13d5c575bd0db1",
        "android_client_info": {
          "package_name": "com.example.jmjapp"
        }
      },
      "oauth_client": [
        {
          "client_id": "217981185828-389ve8b8goo2a4ol7kvs81b0hrgi0ft8.apps.googleusercontent.com",
          "client_type": 3
        }
      ],
      "api_key": [
        {
          "current_key": "AIzaSyDcfbQbNxJeZgpHQWKLNYpMSa5CxRnJdE0"
        }
      ],
      "services": {
        "appinvite_service": {
          "other_platform_oauth_client": [
            {
              "client_id": "217981185828-389ve8b8goo2a4ol7kvs81b0hrgi0ft8.apps.googleusercontent.com",
              "client_type": 3
            }
          ]
        }
      }
    }
  ],
  "configuration_version": "1"
}